<?xml version="1.0" encoding="UTF-8"?>
<project-private xmlns="http://www.netbeans.org/ns/project-private/1">
    <editor-bookmarks xmlns="http://www.netbeans.org/ns/editor-bookmarks/2" lastBookmarkId="0"/>
    <open-files xmlns="http://www.netbeans.org/ns/projectui-open-files/2">
        <group>
            <file>file:/E:/PHPWORK/cargo/application/controllers/Web_api.php</file>
            <file>file:/E:/PHPWORK/cargo/application/views/template-scripts/google_map-script.php</file>
            <file>file:/E:/PHPWORK/cargo/application/core/MY_Controller.php</file>
            <file>file:/E:/PHPWORK/cargo/application/controllers/OrderController.php</file>
            <file>file:/E:/PHPWORK/cargo/application/views/template-scripts/booking-script.php</file>
            <file>file:/E:/PHPWORK/cargo/application/config/constants.php</file>
            <file>file:/E:/PHPWORK/cargo/application/views/templates/footer.php</file>
            <file>file:/E:/PHPWORK/cargo/application/views/template-scripts/booking_calender-script.php</file>
            <file>file:/E:/PHPWORK/cargo/assets/custom/css/style.css</file>
            <file>file:/E:/PHPWORK/cargo/application/models/s_model/Model_order.php</file>
            <file>file:/E:/PHPWORK/cargo/application/views/order/register.php</file>
        </group>
    </open-files>
</project-private>
